V1,V2,V3,V4,V5,V6,V7,V8,V9,V10
24.24,9.19669999999999,-1.52000000000001,-2.39330000000001,-3.53999999999999,-5.45329999999998,-6.38669999999999,-9.2867,-0.0999999999999943,48.3867
8.59999999999997,-1.49340000000001,-37.96,-38.7467,-39.33,-41.43,-42.19,-45.56,-46.38,2.10669999999999
8.8133,6.0633,-2.5933,-10.6567,-9.96000000000001,-9.68000000000001,-7.16,-8.10669999999999,1.08000000000001,12.1134
15.8533,18.2933,29.33,0.473299999999995,1.0333,1.92330000000001,4.14000000000001,3.16,2.34,13.3734
23.2767,17.6634,8.55000000000001,0.393399999999986,0.680000000000007,2.48339999999999,-1.19999999999999,-4.09999999999999,-0.8733,12.5834
19.35,18.73,30.5266,0.593300000000028,1.01660000000001,2.95660000000001,0.266600000000011,-3.10339999999999,-0.0499999999999829,13.4067
21.45,17.05,9.15669999999997,0.699999999999989,1.29669999999999,2.89669999999998,-0.713300000000004,-1.66,1.5667,13.58
16.5733,17.84,30.52,0.386600000000016,1.11000000000001,2.82660000000001,-1.28,-2.26000000000002,0.793399999999991,12.8067
23.8,17.3234,9.13,0.633399999999995,3.0667,-1.66660000000002,-2.60000000000002,-1.35000000000002,-4.32670000000002,12.41
19.5733,17.63,30.32,0.426600000000008,2.67000000000002,-1.5067,-2.26670000000001,-1.17340000000002,-3.02670000000001,13.71
21.5533,17.2167,9.7567,0.870000000000005,-1.71000000000001,-1.2833,1.23670000000001,4.47,1.4933,12.5866
16.74,17.0733,30.7833,0.599999999999994,-1.93340000000001,-1.29340000000002,0.923299999999983,4.0633,2.21000000000001,13.3033
21.38,17.3334,8.41669999999999,0.86669999999998,5.00999999999999,4.2234,0.54000000000002,1.79000000000002,-0.489999999999981,12.7433
16.7034,17.4667,29.55,0.463400000000007,3.53999999999999,4.01670000000001,1.32670000000002,2.42000000000002,0.163299999999992,13.3966
24.1,17.8667,8.7167,1.16999999999999,4.9067,4.47,0.860000000000014,4.0933,1.8133,13.3733
19.7733,17.72,29.7933,0.700000000000017,5.04330000000002,4.07660000000001,-0.0300000000000011,3.11000000000001,0.85329999999999,12.4133
24.18,17.4466,9.73329999999999,2.2466,0.219999999999999,-1.69329999999999,0.219999999999999,-5.0667,-6.52000000000001,12.5967
19.7366,17.47,30.8,1.91659999999999,0.283299999999997,-1.8167,-0.189999999999998,-5.21340000000001,-6.01670000000001,13.1
20.59,17.4367,10.0467,1.04330000000002,4.70330000000001,4.98330000000001,1.09,3.15000000000001,1.69669999999999,12.45
16.0967,17.85,42.57,0.516699999999986,3.92669999999998,4.8167,1.17330000000001,3.23670000000001,2.43340000000001,13.1867
24.1433,17.53,9.30330000000001,-0.0766999999999882,-1.57339999999999,0.22999999999999,3.13,-2.1567,-5.65000000000001,12.1867
19.51,17.6267,44.6567,-0.370000000000005,-1.0333,0.906700000000001,2.78999999999999,-2.23340000000002,-4.6534,13.1833
21.4367,16.9567,10.7233,-0.0432999999999879,-1.1533,0.446699999999993,2.89670000000001,4.95670000000001,1.46340000000001,12.11
16.6867,17.6267,46.9467,-0.413299999999992,-2.20330000000001,-0.486700000000013,2.6533,4.7167,2.29670000000002,12.9433
24.1166,18.0366,10.13,5.5033,0.803300000000007,-3.93000000000001,-2.01670000000001,-3.14340000000001,0.156599999999997,12.4733
19.5667,18.4133,44.2633,4.69669999999999,0.353300000000019,-3.82339999999999,-2.19669999999999,-2.49000000000001,0.61669999999998,12.9334
21.5966,16.9933,9.28999999999999,0.783299999999997,1.29329999999999,1.72,-2.17330000000001,-1.38660000000002,1.9134,13.1267
16.7334,17.3567,45.72,0.663400000000024,0.976700000000022,1.61670000000001,-2.02669999999998,-2.0667,1.03999999999999,12.2533
21.3266,16.8333,10.0733,1.5633,0.553299999999979,-0.233300000000014,2.66669999999999,1.53999999999999,0,12.2933
16.5033,17.6133,46.63,0.486699999999985,0.10329999999999,0.580000000000013,2.4633,2.16999999999999,0.786699999999996,13.08
23.8,17.3067,9.89329999999998,1.10999999999999,0.359999999999985,-0.0767000000000166,2.3733,3.16,1.62,12.9233
19.4934,17.9567,46.2367,1.47,0.183400000000006,-0.783299999999997,2.35670000000002,2.3167,0.933400000000006,12.2367
23.84,17.1733,11.2533,-0.953300000000013,-2.09999999999999,-0.813399999999973,-3.35999999999999,-6.5,-8.36339999999998,12.0333
19.2566,17.6066,46.6933,-1.42340000000002,-2.00670000000002,-0.766700000000014,-3.01670000000001,-6.22,-7.16000000000003,13.2367
21.8567,17.3167,9.20330000000001,0.543300000000016,1.24000000000001,2.02000000000001,4.36670000000001,3.25,1.38660000000002,12.3133
17.7367,18.14,42.58,0.763300000000015,1.32330000000002,1.9667,4.26670000000001,3.07330000000002,2.13329999999999,13.06
25.56,18.1334,9.91,2.09999999999999,2.38660000000002,2.01330000000002,-0.726699999999994,-3.86670000000001,-0.63669999999999,12.3766
21.23,18.3534,43.8767,2.01339999999999,2.43669999999997,1.99329999999998,0.13669999999999,-3.06659999999999,0.123400000000004,13.1367
21.8833,16.8567,10.0733,1.94,2.5367,2.1534,-0.243300000000005,-1.36000000000001,1.87,13.1767
17.29,16.7133,46.4133,1.6833,2.4067,2.02670000000001,-0.9666,-2.16,1.03,12.3367
24.2167,17.0567,7.76669999999999,-4.1833,-1.75,3.20329999999998,0.656699999999972,-3.67330000000001,-5.53,12.08
20.2866,16.5466,44.2733,-4.2867,-2.04329999999999,2.76339999999999,0.51339999999999,-3.46000000000001,-4.42660000000001,13.1834
21.7433,17.0933,13.54,0.503299999999996,-2.07670000000002,-1.37,0.976699999999994,3.38339999999999,1.52670000000001,12.2933
17.2334,16.9767,49.0934,0.530000000000001,-2.0034,-1.22999999999999,1.07000000000002,3.13330000000002,2.16670000000002,12.9333
24.35,17.3034,6.0334,-0.670000000000016,3.47329999999999,4.92000000000002,2.18000000000001,-2.14999999999998,-5.20999999999998,11.9367
20.3967,17.1767,42.31,0.330000000000013,3.4066,4.03999999999999,2.18340000000001,-1.78999999999999,-3.86999999999998,13.2767
21.91,16.6433,5.6266,-0.200000000000017,3.5367,4.41,2.01329999999999,4.41999999999999,1.35999999999999,12.2967
17.2167,17.16,41.0433,-0.866700000000009,3.47659999999999,4.8466,1.85329999999999,3.91659999999999,1.8366,12.7733
24.47,17.3133,12.03,1.41,-0.616600000000005,0.670000000000016,-3.00999999999999,-2.01339999999999,-5.02339999999998,12.1266
20.21,16.74,48.01,1.28,-0.35329999999999,0.886700000000019,-3.05329999999998,-1.7766,-3.82999999999998,13.32
21.82,16.8234,7.07999999999998,0.753399999999999,4.4134,5.1934,1.04999999999998,4.54669999999999,1.5367,12.3634
17.4033,16.5766,40.6033,0.780000000000001,4.19,4.83339999999998,0.939999999999998,4.1567,2.10330000000002,12.93
22.2734,17.27,12.3167,0.746700000000004,-0.75,-1.1233,0.359999999999985,1.35659999999999,-0.963400000000007,12.0833
17.9267,17.81,45.8867,0.8733,0.210000000000008,-0.233399999999989,1.10660000000001,2.38329999999999,0.163299999999992,13.21
25.2666,17.75,11.9666,0.983300000000014,-0.1267,-0.509999999999991,0.756699999999995,4.2534,1.93340000000001,13.11
21.2767,17.9933,49.17,0.643300000000011,-1.14670000000001,-1.52670000000001,0.10329999999999,3.31999999999999,1.09999999999999,12.2766
24.2533,17.3833,15.0433,1.32329999999999,-3.3767,1.57659999999998,-2.10340000000002,-3.80670000000001,-0.5,12.3433
20.3667,17.1067,51.6867,1.42999999999998,-2.9134,1.89329999999998,-2.04670000000002,-2.89670000000001,0.11669999999998,12.96
22.07,17.02,9.81,0.666699999999992,1.17669999999998,1.88339999999999,-2.26000000000002,-1.1567,2.15000000000001,13.2533
17.5233,16.72,45.6267,0.63669999999999,0.949999999999989,1.7234,-2.16999999999999,-2.20339999999999,0.810000000000002,11.9133
21.85,16.53,10.74,0.976700000000022,-0.033299999999997,1.41340000000002,2.89670000000001,1.19340000000003,-0.656599999999997,12.4
17.2967,17.42,45.9167,1.39670000000001,1.01330000000002,1.64670000000001,2.98670000000001,2.13670000000002,-0.00659999999999172,13.05
24.3033,16.9367,11.9733,1.29670000000002,0.546700000000016,1.42000000000002,2.6867,3.79000000000002,1.94,13.3433
20.2366,17.5833,48.4833,1.35999999999999,0.0733999999999924,1.4434,3.07339999999999,3.03999999999999,0.896699999999981,12.3
24.1533,26.0333,9.2433,8.37,9.23330000000001,5.80000000000001,4.26330000000002,0.783300000000025,-1.17329999999998,11.9467
36.1433,17.6167,46.2433,45.4566,45.3233,27.33,26.09,22.9266,20.91,34.03
21.9234,17.41,9.30340000000001,1.24000000000001,1.8366,2.96000000000001,5.19,3.64329999999998,1.68669999999997,34.09
17.87,18.4033,42.5167,13.66,14.2833,15.1633,5.5933,4.34999999999999,2.33340000000001,34.7367
25.1533,17.85,9.72660000000002,1.56999999999999,2.03999999999999,3.23669999999998,-1.33330000000001,-4.8133,-0.246600000000001,33.7734
21.35,18.61,43.31,13.3767,14.3667,17.0867,-0.70999999999998,-3.8734,0.413299999999992,34.4333
21.5934,16.8134,9.99340000000001,1.53670000000002,2.2133,4.4633,-1.15329999999997,-2.69999999999999,1.86670000000001,34.7133
17.5567,17.2367,45.8434,15.71,17.0033,19.2533,-2.0067,-3.25,1.0367,33.8833
24.25,17.0966,12.15,3.6534,1.70339999999999,-0.666600000000017,-2.20330000000001,-1.78,-4.01329999999999,33.4767
20.27,17.32,47.6734,17.78,16.6233,12.4366,11.1966,12.6833,8.7433,46.2333
21.6367,16.8133,5.78999999999999,-3.0967,2.07329999999999,-1.75,0.47999999999999,5.14659999999998,2.91329999999999,47.94
17.0533,17.4266,40.49,10.3067,16.3767,13.6433,4.07330000000002,8.44,4.5,49.5267
21.7367,17.08,13.3333,5.7833,2.6267,5.88,1.31,1.73330000000001,-1.32999999999998,46.8766
17.4466,17.76,47.5366,18.45,16.3,21.0967,3.30000000000001,4.7867,1.62,49.8266
23.96,17.2233,14.2233,6.67659999999998,1.81659999999999,5.64659999999998,0.0300000000000011,4.69659999999999,1.63329999999999,49.93
20.2866,17.9566,50.6233,21.53,16.2933,20.52,-0.740000000000009,3.62669999999997,0.45999999999998,48.7567
23.9567,15.59,7.10999999999999,-0.3767,2.51670000000001,-0.916599999999988,-3.26660000000001,-6.41,-8.56999999999999,48.0367
18.89,17.4234,43.9967,15.1133,17.4933,-0.5,-2.61000000000001,-8.02999999999997,-10.13,46.4767
21.6334,17.0234,13.61,4.60659999999999,1.73659999999998,2.85999999999999,5.42669999999998,4.01999999999998,1.85999999999999,46.4167
17.6066,18.53,49.2933,7.24000000000001,1.95999999999998,2.83999999999997,7.68669999999997,7.06999999999999,4.96999999999997,49.5267
24.7233,18.0633,8.02670000000001,-1.35329999999999,1.44,2.63669999999999,-0.746600000000001,-3.88999999999999,0.1233,48.6933
21.1234,18.6134,41.86,-3.16669999999999,0.196700000000021,2.91669999999999,1.22329999999999,-4.19669999999996,0.166699999999992,48.7367
21.0466,17.28,8.75999999999999,-2.00659999999999,0.0900000000000034,2.34,-1.54999999999998,-2.95669999999998,1.0566,48.3866
17.9267,17.3533,41.48,-5.88,0.0199999999999818,2.26999999999998,-2.7167,-3.33339999999998,1.02999999999997,48.36
23.9067,13.1667,3.70000000000002,-0.926699999999983,5.71660000000003,3.34660000000002,0.996600000000001,-2.85670000000002,-4.79340000000002,48.4533
17.2366,17.5833,39.54,-0.0266000000000304,7.77670000000001,3.59000000000003,1.48000000000002,-4.61329999999998,-6.79000000000002,46.4567
21.6167,16.9467,9.76999999999998,1.26329999999999,1.8133,-2.00999999999999,0.556700000000006,3.5,1.5633,46.6967
17.1633,17.47,44.8666,-0.189999999999998,0.883399999999995,-1.84999999999997,2.99670000000003,6.5,4.32329999999996,49.4567
24.3933,15.7033,8.57329999999999,0.0632999999999981,1.22,4.47329999999999,1.09,-2.76330000000002,-5.23330000000001,48.9367
17.1966,17.7533,44.4466,-1.69670000000002,-0.610000000000014,4.18669999999997,2.49329999999998,-3.60000000000002,-5.27330000000001,48.8967
21.6167,16.32,8.64000000000001,-0.143299999999982,2.44,6.26999999999998,2.38,5.32329999999999,2.85329999999999,48.1
19.1634,17.3534,44.4167,-0.349999999999966,2.43000000000001,6.6567,1.67000000000002,5.17329999999998,3.5,48.7467
23.91,27.33,10.4266,-1.78,-0.916699999999992,-2.94669999999999,-0.453299999999984,-6.01669999999999,-8.30329999999998,49.0333
37.57,17.8367,46.4367,-1.68000000000001,-1.81330000000003,-3.01330000000002,-1.58660000000003,-9.1533,-10.8866,46.45
22.09,17.2,9.58339999999998,0.923399999999987,1.51999999999998,6.32659999999998,0.85329999999999,3.94,1.6534,45.8967
17.9734,18.76,42.8,0.983299999999986,1.60659999999999,8.7433,2.23999999999998,6.40000000000001,4.66669999999999,48.91
23.9734,16.4367,9.1634,1.35339999999999,1.82339999999999,0.313400000000001,2.88,-2.68340000000001,-6.9967,47.9
20.3433,17.8366,45.1333,3.26999999999998,4.25999999999999,0.543299999999988,4.36329999999998,-3.20339999999999,-7.06,47.8367
21.5567,15.3333,10.2633,2.13000000000002,2.8066,0.919999999999987,3.98659999999998,7.07329999999999,2.75999999999999,47.38
16.3733,17.3933,45.3767,0.64670000000001,1.94,-2.33670000000001,3.81329999999997,7.97329999999999,4.11669999999998,48.7367
25.0033,19.96,9.7766,-2.17339999999999,-4.1234,-5.2467,-2.7533,-2.75659999999999,0.969999999999999,48.9667
23.7167,19.0433,44.36,-4.19999999999999,-5.35669999999999,-5.37,-3.94330000000002,-5.5967,0.870000000000005,48.8667
22.0034,19.8867,9.5067,-3.53,1.63999999999999,2.60999999999999,-2.86330000000001,-1.4666,2.25999999999999,46.1266
20.39,17.9634,45.5867,-2.97669999999999,3.0933,3.14660000000003,-3.35669999999999,-4.68000000000001,1.7867,45.6533
21.7934,14.7834,10.1134,3.41,0.253399999999999,0.159999999999997,2.72659999999999,2.72329999999999,0.859999999999985,47.7767
15.2334,17.5167,46.18,4.19999999999999,2.05000000000001,0.949999999999989,4.76999999999998,3.11660000000001,1.45660000000004,48.3733
24.0866,14.75,9.72,3.89339999999999,-0.9666,-1.17329999999998,1.89330000000001,3.29000000000002,1.42670000000001,48.17
18.0767,17.4567,45.5367,3.62670000000003,-1.60999999999996,-1.35999999999996,4.79000000000002,3.4667,1.80670000000003,48.55
23.9733,26.0433,10.85,0.22999999999999,3.1234,1.0934,-3.66,-3.2766,-5.86660000000001,48.1367
36.16,17.4733,47.0667,0.336700000000008,2.7167,1.51670000000001,-5.13,-3.07999999999998,-7.4667,46.5366
21.5233,13.7533,10.8066,4.48000000000002,1.61000000000001,6.41660000000002,0.973299999999995,5.22660000000002,2.63660000000002,48.3333
14.9766,17.27,47.0433,7.22000000000003,1.94,9.07670000000002,3.72669999999999,6.73340000000002,2.3467,48.0434
22.0667,19.3533,10.5967,-0.973299999999995,1.81999999999999,0.310000000000002,1.31,1.6934,-1.23330000000001,46.6667
22.4934,18.4967,43.63,-1.38339999999999,1.98000000000002,-1.73669999999998,2.1533,4.20330000000001,1.38999999999999,49.29
24.8567,17.5967,10.4067,-0.576599999999985,1.52000000000001,-0.366600000000005,0.213399999999979,4.4667,1.53999999999999,49.1766
19.5067,18.9067,45.1334,-3.39329999999995,2.50670000000002,-1.76999999999998,0.263300000000015,3.27000000000004,0.456700000000012,48.0933
24.05,28.7634,9.9667,-3.75330000000002,2.88999999999999,1.76669999999999,-2.98670000000001,-4.06,-0.543399999999991,48.56
39.3134,17.8334,46.13,-4.12670000000003,3.67660000000001,3.66329999999999,-2.98340000000002,-6.33339999999998,0.0932999999999993,49.1967
21.9166,16.9633,10.1933,1.05000000000001,1.60000000000002,2.57000000000002,-2.8733,-1.5566,1.96000000000001,46.2866
17.5433,17.7433,46.28,1.28999999999996,2.36339999999996,2.41669999999999,-2.93330000000003,-4.11329999999998,2.3134,46.64
21.4133,25.4533,11.5866,1.82329999999999,2.97999999999999,2.88659999999999,3.88659999999999,2.8133,-0.429999999999978,48.5633
34.42,17.2567,47.3367,2.81670000000003,3.90340000000003,2.80340000000001,6.6934,3.34340000000003,0.143399999999986,49.1367
23.6666,25.3133,10.9766,0.300000000000011,2.88329999999999,2.67660000000001,3.25659999999999,4.57329999999999,1.33000000000001,49.0934
32.6766,17.4133,46.5933,-0.529999999999973,2.25,2.5,4.5333,3.35330000000005,0.153300000000002,47.9167
39.0967,16.03,5.3133,14.4433,4.4366,2.79660000000001,1.74000000000001,-0.819999999999993,-3.23339999999999,37.6966
19.48,35.38,-1.08660000000003,-19.6366,-20.23,-22.4666,-23.0666,-25.3366,-26.5933,14.3367
22.42,16.7433,8.08670000000001,0.689999999999998,1.29339999999999,1.6934,3.99340000000001,2.88,0.4666,13.18
2.1566,3.13999999999999,14.1767,0.58329999999998,0.879999999999995,1.47999999999999,2.91999999999999,2.70669999999998,1.44999999999999,14.1634
26.54,17.31,8.19659999999999,0.580000000000013,1.15000000000001,2.34999999999999,-1.53,-4.09,-0.97999999999999,12.89
5.87,3.67340000000002,15.47,0.473299999999995,0.639999999999986,1.85329999999999,-0.996700000000004,-3.26669999999999,-0.606699999999989,13.2633
22.2767,16.01,8.11670000000001,0.463400000000007,1.10339999999999,2.80340000000001,0.103399999999993,-1.01000000000002,2.09999999999999,13.7133
0.263299999999987,1.89330000000001,14.5733,-0.216700000000003,-0.0166999999999859,2.61330000000001,-1.40000000000001,-1.61330000000001,1.04669999999999,12.66
25.4367,16.0934,7.90000000000001,0.406599999999997,2.80000000000001,-0.953399999999988,-2.00999999999999,-1.26660000000001,-4.3366,12.4334
3.91999999999999,1.94,14.63,0.116600000000005,1.5866,-0.723399999999998,-1.32340000000002,-1.01670000000001,-2.64670000000001,14.1233
22.2366,15.71,8.25,0.4666,-1.83340000000001,-1.50670000000002,0.793299999999988,3.99000000000001,0.920000000000016,12.6833
0.256699999999995,1.6833,15.3933,0.953300000000013,-2.03,-1.00999999999999,0.430000000000007,3.84,2.21000000000001,13.9733
22.6667,16.62,7.70330000000001,0.61330000000001,4.97999999999999,3.72329999999999,-0.156700000000001,0.586699999999979,-1.53330000000003,13.12
0.723399999999998,2.4134,14.4967,0.756699999999995,3.25,4.16329999999999,1.3133,1.62,-0.893299999999982,13.76
25.6833,16.9166,7.76660000000001,0.526600000000002,3.6833,3.91,1.20999999999998,4.4067,2.2867,14.1533
4.2833,2.19999999999999,14.2733,0.936600000000027,4.48330000000001,4.31330000000003,0.300000000000011,3.71000000000001,1.19670000000002,13.0633
25.2567,17.3967,9.68340000000001,0.389999999999986,0.0867000000000075,-1.55329999999998,0.103400000000022,-4.10659999999999,-6.3766,13.03
5.78660000000002,1.9666,15.2966,1.87,-0.446700000000021,-2.6833,-1.25,-4.4666,-5.48329999999999,13.9233
22.1533,16.1766,8.78659999999999,0.629999999999995,4.09,4.49000000000001,0.866600000000005,2.69,0.419999999999987,12.67
-10.5633,-9.6867,15.0333,1.19669999999999,2.6533,3.2533,0.00999999999999091,1.81,0.793300000000016,13.0433
25.3133,16.2467,8.02000000000001,0.456600000000009,-1.83339999999998,-0.633399999999995,2.29999999999998,-1.91000000000003,-5.61340000000001,11.6766
-8.7533,-12.45,14.58,0.616700000000009,-0.849999999999994,0.36330000000001,1.61330000000001,-1.60329999999999,-4.22329999999999,13.0667
21.59,13.79,7.5566,0.280000000000001,-0.360000000000014,1.34,2.6833,4.5067,0.803300000000007,11.9833
-16.5967,-14.1433,15.1767,-0.686700000000002,-1.83670000000001,0.793299999999988,3.09999999999999,4.90000000000001,2.28,13.46
26.2633,20.2433,12.3367,0.633399999999995,0.149999999999977,-3.60340000000002,-1.94670000000002,-3.1867,-0.333300000000008,11.9
-4.22,-9.60660000000001,16.2434,3.86670000000001,-0.953299999999984,-3.26329999999999,-1.82999999999998,-1.41999999999999,0.453300000000013,12.6866
22.2466,16.0033,8.30000000000001,0.736700000000013,1.32000000000002,1.64670000000001,-1.97669999999999,-0.460000000000008,2.39339999999999,13.6667
-14.9266,-13.5866,14.7767,0.776700000000005,0.340000000000003,1.36000000000001,-1.88329999999999,-0.650000000000006,1.22329999999999,12.4966
21.72,16.4367,9.67670000000001,0.433300000000003,0.25,-1.0067,1.92669999999998,0.686700000000002,-0.363299999999981,12.0167
-11.66,-14.06,14.9567,0.6267,-0.0900000000000034,0.823299999999989,2.07329999999999,2.48329999999999,0.400000000000006,12.78
25.11,16.4067,8.9933,0.1233,-0.00999999999999091,0.216700000000003,1.56,3.07669999999999,2.02670000000001,13.8133
-13.0733,-13.4033,14.8767,0.86669999999998,-0.190000000000026,-0.360000000000014,1.94669999999999,3.17999999999998,1.0967,12.8833
24.0034,12.3834,6.46340000000001,9.20340000000002,-0.803300000000007,-11.2567,-12.2967,-14.6833,-16.9867,3.61669999999998
-13.98,-13.9233,15.1634,-1.19329999999999,-1.7867,-0.95999999999998,-3.3134,-5.22669999999999,-6.3734,14.23
22.7467,16.5467,8.4333,0.426600000000008,1.03,1.63339999999999,3.77000000000001,2.6534,0.349999999999994,13.0733
-10.27,-9.44999999999999,14.99,1.38329999999999,1.68000000000001,2.0934,3.29000000000002,1.9067,0.759999999999991,13.4833
26.5034,16.7234,8.5,0.403300000000002,0.973299999999995,2.22659999999999,-1.4967,-3.88329999999999,-0.919999999999987,12.6
-7.90000000000003,-8.90670000000003,16.6166,1.4966,1.66329999999999,1.9967,-0.713300000000004,-2.6266,0.230000000000018,13.75
21.7434,16.8634,10.08,0.416600000000017,1.0566,2.62,0.166599999999988,-0.950000000000017,2.01329999999999,13.8567
-13.83,-14.1167,15.5833,2.36329999999998,2.5633,2.14330000000001,-0.246699999999976,-1.63,1.22660000000002,13.07
27.66,13.7666,4.47659999999999,-1.28,1.11340000000001,-0.726599999999991,-1.76659999999998,-1.19999999999999,-4.0966,13.9134
-11.6733,-11.4867,16.24,-1.78999999999999,-0.319999999999993,3.02670000000001,0.673299999999983,-2.27000000000001,-3.32000000000002,14.69
17.9467,11.56,8.0067,3.29670000000002,0.996700000000004,-1.23660000000001,0.900000000000006,3.64000000000001,0.743400000000008,12.8434
-18.1834,-17.0934,15.0233,1.51670000000001,-1.4666,-1.1866,0.0100000000000193,1.95660000000001,0.906599999999997,13.0066
29.0533,18.0733,6.80330000000001,-3.19,1.17669999999998,3.54329999999999,-0.180000000000007,0.386599999999987,-1.43000000000001,16.3533
-11.3133,-9.55000000000001,15.5833,0.669999999999987,3.16329999999999,4.0333,1.32329999999999,-1.62,-3.98329999999999,13.8
27.2667,18.74,7.72329999999999,-2.0933,1.0634,3.5067,1.05329999999998,3.79329999999999,1.97669999999999,14.3467
-7.66659999999999,-8.5,15.3833,-0.569999999999993,2.97669999999999,4.24339999999998,1.85339999999999,3.79999999999998,1.4367,13.8067
22.9966,14.1533,8.86999999999998,10.14,9.83670000000001,-0.616700000000009,-10.38,-12.9067,-15.1534,2.63329999999999
-12.2967,-15.4467,15.8233,2.01330000000002,-0.303400000000011,0.523300000000006,-1.8467,-1.77670000000001,-2.9067,14.88
25.4234,18.81,9.06659999999999,-2.3167,1.14330000000001,1.7467,3.73670000000001,2.68000000000001,0.433300000000003,13.7633
-8.45669999999998,-7.87999999999997,16.1467,1.4734,2.93000000000001,3.3434,0.143400000000014,2.78999999999999,1.66,14.99
20.2733,13.8867,8.93339999999998,2.82999999999998,0.539999999999992,1.79329999999999,-1.29330000000002,-3.82000000000002,-1.0367,11.1666
-12.4734,-12.3667,15.71,1.56,0.0932999999999993,0.426700000000011,0.786699999999996,0.856699999999989,-0.916599999999988,11.2867
25.0434,14.83,9.04660000000001,0.830000000000013,0.189999999999998,1.7534,0.173399999999987,-0.88330000000002,1.90000000000001,15.8433
-11.1333,-14.1033,17.0734,1.55670000000001,0.406700000000001,-0.0132999999999868,0.16670000000002,2.8133,1.04000000000002,14.9833
19.4567,10.89,8.55000000000001,12.7034,12.22,10.38,0.616700000000009,-10.4967,-12.79,3.77330000000001
-16.6033,-19.2967,15.2833,2.1567,-2.66329999999999,0.683400000000006,-1.6866,-1.8733,-0.0866000000000042,16.4767
22.5333,15.8567,8.64669999999998,0.609999999999985,1.19329999999999,-1.04000000000002,0.949999999999989,2.6867,0.393400000000014,12.3967
-13.8334,-13.2467,15.66,1.66,1.22329999999999,1.5033,-1.69669999999999,-0.566699999999997,1.22,13.2233
21.5667,15.4733,9.6833,9.90000000000001,9.7167,12.0833,8.9967,-2.11670000000001,-12.4567,1.47
-13.53,-13.7433,14.7534,1.23340000000002,0.516700000000014,1.38670000000002,1.7467,1.56,-0.0966999999999985,13.83
23.2467,14.2,9.23660000000001,9.67330000000001,9.54000000000002,11.9833,10.4033,12.14,1.80000000000001,5.14670000000001
-12.48,-15.92,14.98,1.19000000000003,0.13330000000002,1.40000000000001,1.58000000000001,2.71000000000001,1.05330000000001,4.40000000000001
40.2233,7.0367,-9.75330000000002,-0.6233,5.58670000000001,7.16670000000002,4.32670000000002,2.0633,-0.45999999999998,31.2967
-26.36,3.1934,31.82,13.27,-3.97999999999999,-6.08339999999998,-7.34999999999997,-8.77999999999997,-11.33,20.4267
22.3433,16.3533,8.2467,0.849999999999994,1.63999999999999,2.39329999999998,4.1567,2.91,0.386700000000019,20.4534
-10.2267,-9.64340000000001,14.47,0.876599999999996,1.69330000000002,2.3366,4.13660000000002,3.10330000000002,0.553300000000007,20.62
26.2234,16.4767,8.35329999999999,0.736700000000013,1.45340000000002,2.17340000000002,-2.02329999999998,-4.2867,-0.629999999999995,19.62
-6.08000000000001,-8.98330000000001,15.7167,0.719999999999999,1.78659999999999,0.963300000000004,-1.97,-3.40000000000001,0.156599999999997,20.4066
21.6233,15.33,8.50999999999999,0.856699999999989,3.0667,2.2433,-0.246700000000004,-1.49340000000001,2.16329999999999,20.5067
-14.4634,-13.42,15.1867,0.396699999999981,0.993299999999977,3.2167,-1.70000000000002,-2.73330000000001,0.823299999999989,19.1667
22.7266,15.3066,10.36,2.86660000000001,-0.623400000000004,3.48329999999999,0.643299999999982,-2.93000000000001,-5.23340000000002,18.0466
-10.3434,-15.2434,15.11,0.596599999999995,3.19659999999999,0.889999999999986,-0.376599999999996,-1.73329999999999,-2.91,20.37
26.1333,15.9567,4.93339999999998,-2.85000000000002,-2.07670000000002,-1.45670000000001,0.306700000000006,2.76000000000002,0.456600000000009,19.2433
-12.83,-8.14339999999999,14.92,0.47999999999999,-2.40000000000001,-1.6266,0.173400000000015,3.98340000000002,2.80670000000001,21.5934
17.76,15.7934,12.0467,4.95669999999998,4.07999999999998,5.69669999999999,1.5,-2.07329999999999,-5.56999999999999,17.0267
-9.4966,-15.5266,14.25,0.509999999999991,4.3366,4.6233,1.69,0.333300000000008,-2.35999999999999,20.2367
19.9267,14.7734,11.7734,4.5334,3.63999999999999,5.13669999999999,2.64669999999998,5.09999999999999,1.60329999999999,19.4333
-14.4,-18.39,14.2767,0.939999999999998,5.5933,4.91670000000002,0,3.81,1.11670000000001,18.9467
26.4834,15.7367,7.25670000000002,-2.0367,-0.726700000000022,0.85329999999999,-1.88339999999999,-2.06999999999999,-4.4067,21.73
-11.2667,-12.7133,13.86,0.433400000000006,0.0800000000000125,-2.02339999999998,-0.173399999999987,-3.01339999999999,-5.65669999999997,20.48
18.9367,15.26,11.8466,3.69,4.37,5.1233,0.439999999999998,4.33670000000001,2,20.7866
-14.5,-16.5067,14.2566,0.420000000000016,3.76670000000001,4.41,0.0432999999999879,2.40329999999997,-0.240000000000009,18.5466
28.2033,16.1466,6.11000000000001,-1.45339999999999,-0.920000000000016,-0.200000000000017,0.60329999999999,0.416699999999992,-2.08330000000001,23.44
-9.92330000000001,-8.41329999999999,14.8333,0.870000000000005,0.280000000000001,-0.543299999999988,0.580000000000013,-2.25999999999999,-5.44,20.0833
25.2133,16.2933,7.77329999999998,0.496699999999976,1.13,0.306600000000003,0.326599999999985,4.22329999999999,1.72329999999999,20.7633
-5.68000000000001,-7.98330000000001,16.1434,0.279999999999973,0.0599999999999739,2.2834,2.90000000000001,5.25999999999999,2.07999999999998,21.12
29.0333,15.94,6.47329999999999,-5.22999999999999,-3.63669999999999,0.469999999999999,-2.26669999999999,-3.1233,-0.13669999999999,18.8533
-9.80339999999998,-8.99999999999997,12.9567,0.580000000000013,-1.9134,-4.22,-2.37,-1.5333,0.776700000000005,19.7667
22.58,15.54,8.36330000000001,0.800000000000011,1.66669999999999,2.2867,-2.39660000000001,-0.47999999999999,2.50660000000002,20.4433
-13.81,-12.7933,14.6033,0.60329999999999,1.22329999999999,1.9967,-2.37,0.276699999999977,2.58669999999998,20.5234
23.21,15.2467,8.11670000000001,-1.1267,0.256599999999992,1.8733,2.67660000000001,1.81999999999999,-0.266600000000011,18.75
-13.3966,-12.0333,14.66,0.329999999999984,-0.293300000000016,-0.00660000000002015,1.11669999999998,1.95339999999999,0.776700000000005,19.7933
26.76,15.4667,7.78670000000002,-1.08329999999998,0.233300000000014,1.73000000000002,1.75,3.66660000000002,1.58000000000001,18.8834
-10.75,-13.0433,14.02,0.00999999999999091,-0.0867000000000075,-0.763299999999987,-0.146699999999981,2.5,1.32330000000002,18.6267
41.1667,7.40000000000001,-9.5034,-6.76339999999999,-0.553399999999982,5.75330000000002,7.81660000000002,3.42330000000001,1.01330000000002,45.19
-25.0133,4.87,33.47,17.1133,-0.136700000000019,-18.92,-20.0234,-21.33,-23.7234,20.4533
23.2366,16.24,8.6234,0.616700000000009,1.4067,5.23329999999999,0.456699999999984,2.91669999999999,0.506699999999995,20.4367
-10.1,-9.91329999999999,14.1267,0.519999999999982,1.33670000000001,1.88000000000002,3.74000000000001,2.6234,0.22999999999999,20.16
26.9766,15.8766,8.60329999999999,0.506599999999992,1.22329999999999,-0.0166999999999859,2.19669999999999,-2.19660000000002,-6.34660000000002,17.35
-10.3967,-11.69,15.6067,0.486700000000013,1.55330000000001,1.11330000000001,-2.18000000000001,-3.48660000000001,0.039999999999992,23.7366
21.2167,15.09,10.02,0.356599999999986,2.56659999999999,1.88329999999999,3.43000000000001,5.89000000000001,1.74000000000001,16.06
-13.5467,-14.1767,13.8067,0.586700000000008,1.1833,3.09999999999999,-1.1567,-2.27330000000001,1.2533,15.5733
29.1834,16.5834,6.39999999999998,0.643399999999986,-2.84660000000002,-4.61330000000001,-2.55000000000001,-2.3467,0.493299999999977,20.5167
-6.48669999999998,-8.76669999999999,16.55,-1.47999999999999,1.12,0.873400000000004,-0.22999999999999,-1.29669999999999,-2.92339999999999,17.1
26.98,15.8067,5.42669999999998,0.716700000000003,1.49000000000001,2.19330000000002,-2.58329999999998,-0.433300000000003,2.40669999999997,21.5667
-14.2667,-10.0167,17.6066,4.09999999999999,1.22,-1.5033,0.356699999999989,3.84339999999997,2.21669999999997,21.3767
19.93,15.2733,10.6033,0.610000000000014,-0.266699999999986,-0.38669999999999,1.82669999999999,2.03,0.460000000000008,22.8367
-14.5366,-16.2733,12.39,-2.52330000000001,1.30330000000001,4.44329999999999,1.14999999999998,0.0832999999999799,-2.33670000000001,20.04
23.2966,15.25,10.22,0.403400000000005,-0.490000000000009,-0.47999999999999,1.06670000000003,3.2167,1.64670000000001,20.89
-10.3,-15.4567,12.6233,-3.32999999999998,1.32330000000002,3.98670000000001,-0.269999999999982,3.2167,0.796700000000016,20.04
39.5033,7.03999999999999,-8.1533,-6.88329999999999,-5.57330000000002,0.733399999999989,5.52339999999998,5.19999999999999,2.9734,45.6067
-25.5967,2.52330000000001,32.1167,18.3067,17.9533,-0.829999999999984,-18.7667,-19.64,-22.25,20.3833
19.3034,14.8467,11.9,0.516700000000014,1.19670000000002,5.02330000000001,0.539999999999992,4.07659999999998,1.84999999999999,20.7667
-14.81,-16.7767,12.9966,-1.67670000000001,1.66999999999999,2.2133,3.6233,2.47,-0.140000000000015,18.7767
29.05,15.8,7.04340000000002,0.940000000000026,1.4734,0.233400000000017,0.706700000000012,0.38330000000002,-2.00999999999999,21.3166
-10.0766,-7.90660000000003,17.2267,3.07669999999999,2.48669999999998,2.04669999999999,-2.43000000000001,-3.30330000000001,0.139999999999986,23.4666
24.1433,15.96,8.76999999999998,0.553399999999982,1.1867,0.503399999999999,0.373400000000004,3.91,1.51669999999999,17.63
-6.58340000000001,-10.4834,15.7433,0.226600000000019,0.00660000000002015,1.92330000000001,-1.01669999999999,-2.16999999999999,1.27330000000001,17.3866
43.57,8.14670000000001,-10.65,-6.4966,-4.9033,-6.66999999999999,-1.88,4.70000000000002,7.26330000000002,44.0433
-24.77,6.42670000000004,34.7233,21.5967,19.1033,18.8567,0.920000000000016,-16.7633,-19.2067,17.5733
22.8433,15.5033,8.73330000000001,0.696600000000018,1.5633,2.26660000000001,-2.2167,-0.443300000000022,2.11999999999998,22.58
-14.4467,-13.8267,14.71,0.710000000000008,1.33000000000001,-1.39329999999998,0.0167000000000144,2.18000000000001,-0.26339999999999,20.1966
38.33,6.22670000000002,-7.63999999999999,-7.42329999999998,-6.03999999999999,-6.16,-5.6867,0.893300000000011,6.92660000000001,46.8433
-29.04,0.786599999999964,30.8666,17.3466,16.7233,19.8633,15.3866,-2.29670000000004,-20.11,19.8067
35.62,6.5334,-7.80330000000001,-7.36660000000001,-6.05000000000001,-6.03999999999999,-6.16999999999999,-4.39660000000001,1.63669999999999,43.6533
-25.3133,-0.723299999999995,28.4567,14.6667,14.57,17.2334,14.2934,16.4567,-1.35659999999996,40.66
13.0633,-1.98000000000002,13.3367,-2.48000000000002,-3.94,-5.51330000000002,-6.82670000000002,-10.25,-15.5267,32.7467
-19.1033,-29.1967,-27.08,-11.2034,-28.6734,-30.2934,-31.2167,-34.81,-39.1267,9.14670000000001
18.4667,15.7167,11.0134,2.45339999999999,3.08340000000001,2.0967,5.58000000000001,4.53,-0.746700000000004,8.1867
15.2633,17.7033,15.6333,2.48999999999998,2.91669999999999,2.16669999999999,5.02669999999998,3.88,-0.436700000000002,8.4967
21.3466,15.7333,11.8133,2.26999999999998,2.9633,3.34999999999999,-3.0967,-6.51999999999998,-3.11999999999998,8.35670000000002
17.9933,17.3733,17.0466,2.5933,2.89659999999998,3.11660000000001,-2.38,-5.97329999999999,-2.88330000000002,8.59339999999997
19.5,15.1,9.98339999999999,0.843400000000003,1.72999999999999,2.88339999999999,1.9367,0.88669999999999,4.2867,8.9034
15.2433,16.51,14.21,1.37,1.82669999999999,2.94,1.91999999999999,0.773300000000006,3.86329999999998,8.47999999999999
21.54,15.0634,10.7667,1.08340000000001,3.48340000000002,-1.34999999999999,-2.6634,-1.38669999999999,-7.91669999999999,7.9666
17.9133,15.97,14.6667,1.1233,3.38329999999999,-1.51330000000002,-2.4366,-1.39999999999998,-6.66659999999999,9.2167
19.26,14.9234,10.44,0.953399999999988,-1.52000000000001,-1.24000000000001,2.2433,5.3167,-1.2133,7.95330000000001
15.8367,16.17,14.3,0.913300000000021,-1.44,-1.29999999999998,1.56,4.6533,-0.61330000000001,8.55330000000001
19.6,15.5534,9.70339999999999,1.2234,7.97999999999999,4.16999999999999,-2.27670000000001,-1,-3.00999999999999,8.1934
15.8067,16.57,13.57,1.20659999999998,7.23329999999999,3.81659999999999,-1.68000000000001,-0.643399999999986,-2.66999999999999,8.5334
22.3133,16.08,10.3,1.03,2.7167,4.16999999999999,3.22329999999999,6.29669999999999,4.2867,8.55000000000001
18.1933,16.14,14.3033,1.2133,2.48670000000001,3.79670000000002,2.77670000000001,5.87,3.8434,8.10670000000002
22.0667,15.3333,10.81,2.02330000000001,0.510000000000019,-1.0633,0.596699999999998,-3.3467,-8.5033,8.01329999999999
17.97,15.7034,16.85,1.07000000000002,0.756699999999995,-0.86330000000001,0.840000000000003,-3.24000000000001,-7.53659999999999,8.97999999999999
19.6533,16.5,11.61,2.08670000000001,5.9333,4.94659999999999,0.976599999999991,3.17659999999998,-1.98000000000002,8.11999999999998
15.4667,17.22,15.91,2.0266,5.23329999999999,4.48329999999999,0.669999999999987,2.78999999999999,-1.50659999999999,8.5934
22.2,15.5867,10.4733,0.503299999999996,-3.44329999999999,-3.0566,1.91999999999999,-2.02340000000001,-8.1234,8.25659999999999
17.8567,15.9734,16.3934,1.24339999999998,-2.61660000000001,-2.39659999999998,1.95670000000001,-2.1233,-7.70660000000001,8.67339999999999
19.8833,15.4033,10.8766,-0.433400000000006,2.67660000000001,3.83000000000001,2.92340000000002,5.1234,-0.976599999999991,8.1567
14.8067,15.7467,13.6633,0.826699999999988,2.38669999999999,3.5,2.58000000000001,4.70000000000002,-0.883299999999991,8.25
22.3634,16.2834,12.2767,5.29339999999999,0.939999999999998,-3.89340000000001,-2.23340000000002,-5.34,-2.49340000000001,8.21329999999998
18.1967,17.0433,20.4766,2.36660000000001,1.1533,-3.7433,-2.03999999999999,-4.77329999999998,-2.19,8.51669999999999
20.3833,15.78,9.94,0.803399999999982,1.76669999999999,2.04669999999999,-1.92330000000001,2.06,4.9066,8.78
15.69,16.3133,14.06,1.0933,1.76659999999998,1.9066,-1.9067,1.80670000000001,4.38999999999999,8.26339999999999
20.0067,15.5134,10.4667,4.63,1.07670000000002,-2.73329999999999,2.2433,-0.863299999999981,-2.1833,8.4067
14.8867,15.9967,18.4667,1.18000000000001,0.896699999999981,-2.52000000000001,1.83329999999998,-0.900000000000006,-2.05670000000001,8.5333
21.86,15.3667,11.2033,-1.07329999999999,0.86330000000001,2.31659999999999,1.41,5.39330000000001,4.07329999999999,8.36999999999998
17.1467,15.61,13.67,1.13999999999999,0.926599999999979,2.23659999999998,1.31659999999999,5.03,3.8733,8.16999999999999
22.6834,16.0167,11.4167,-0.88330000000002,-2.3433,-1.00999999999999,-3.26329999999999,-5.5,-10.5933,24.0233
18.11,16.46,13.4567,16.89,-0.579999999999984,-18.02,-18.89,-21.0133,-25.4333,9.1833
21.0366,16.4966,10.0933,0.776599999999974,1.4066,1.73000000000002,4.08000000000001,2.92000000000002,-2.17329999999998,8.51000000000002
16.3733,16.7766,14.5733,1,1.42670000000001,1.70330000000001,3.45000000000002,2.76000000000002,-1.66,9.02330000000001
23.5566,16.13,10.8534,0.51339999999999,1.20670000000001,1.58330000000001,-4.14329999999998,-6.38,-3.25,8.39660000000001
19.2966,16.42,14.7467,1.1267,1.42999999999998,1.76669999999999,-3.76670000000001,-5.89000000000001,-3.0933,8.55330000000001
20.5966,15.57,9.93340000000001,1.61340000000001,2.5,1.60659999999999,2.1233,0.963300000000004,4.0933,8.88659999999999
16.2867,15.71,15.2933,0.766600000000011,1.22329999999999,2.39669999999998,1.76329999999999,1.07329999999999,3.87,8.66329999999999
20.5533,13.3933,11.21,-3.39670000000001,-0.996700000000004,2.85999999999999,0.606699999999989,-2.9067,-7.85329999999999,7.01330000000002
17.2634,13.5234,12.3134,-0.856599999999986,1.4034,-0.27000000000001,-1.14000000000001,-1.22660000000002,-5.71000000000001,9.1566
23.14,18.49,9.74340000000001,0.76339999999999,-1.71000000000001,-1.39000000000001,0.95999999999998,2.79659999999998,-2.15000000000001,8.6934
18.7067,18.45,13.6766,3.6866,1.33329999999998,-1.12,0.6267,3.45339999999999,-1.03,9.8134
17.1,10.0534,10.7367,-3.22659999999999,3.53,7.57659999999998,1.84999999999999,-1.6634,-7.5,5.26660000000001
13.8133,10.5933,10.6,-4.83330000000001,1.1934,3.79000000000002,-1.74339999999998,-1.82999999999998,-3.94329999999999,8.82330000000002
20.0533,14.7866,10.9833,1.97659999999999,3.66329999999999,2.0667,2.58340000000001,4.42000000000002,-1.41659999999999,5.10000000000002
14.9033,14.8466,16.16,-0.00669999999999504,1.26670000000001,3.7234,3.09,5.91669999999999,3.80339999999998,10.32
23.96,16.8033,10.5566,0.913299999999992,-0.599999999999994,0.733300000000014,-1.91669999999999,-1.94999999999999,-6.8434,25.7866
20.5933,17.1233,15.5033,17.23,16.9167,-0.523300000000006,-16.9066,-19.0033,-23.4266,9.20340000000002
18.1533,13.1567,10.6834,0.456699999999984,4.30329999999998,4.6267,0.963400000000007,4.01340000000002,-0.879999999999995,8.73329999999999
15.1934,14.3667,14.7433,-1.64669999999998,1.56,1.8366,3.35659999999999,2.5566,-1.86669999999998,7.7466
25.8634,20.86,10.3166,0.539999999999992,-3.4066,-3.03,-1.81999999999999,-1.85329999999999,-3.9633,10.7967
20.7433,20.6266,15.4866,5.44,1.58000000000001,1.91670000000002,-4.0033,-6.10000000000002,-3.16340000000002,11.5966
20.7,13.1834,11.7434,0.573399999999992,3.68340000000001,2.78999999999999,3.28659999999999,6.3366,4.22659999999999,6.54999999999998
16.94,13.6566,16.76,-1.1267,0.433300000000003,1.60669999999999,1.80670000000001,1.00670000000002,3.94330000000002,6.26670000000001
26.7034,19.8334,10.2467,1.12,-3.23339999999999,0.6233,-2.02670000000001,-5.7133,-2.95000000000002,24.53
22.7333,19.4733,14.7167,20.3767,19.1634,17.49,1.10669999999999,-16.5633,-21.0667,6.41330000000002
20.7733,15.7233,10.2733,0.513300000000015,1.47660000000002,1.79660000000001,-1.86669999999998,2.17670000000001,4.94,13.68
16.47,15.6667,14.27,0.656700000000001,1.32999999999998,-1.1233,0.396699999999981,2.32669999999999,-2.17670000000001,6.5633
24.3367,19.0167,10.4567,0.539999999999992,-3.01329999999999,1.0333,2.2433,-1.44329999999999,-2.78999999999999,27.6634
18.4967,18.62,15.09,18.52,18.2367,20.8333,14.9133,-2.7567,-21.7767,8.67669999999998
20.9466,13.58,10.9167,0.659999999999997,2.5966,1,1.4966,5.53999999999999,4.19329999999999,26.35
16.6,13.9467,15.7667,13.8,13.5866,16.0433,16.2433,18.1733,-0.846699999999998,21.31
11.8567,13.7367,25.3133,9.49660000000003,-5.85999999999999,-8.03999999999999,-9.39669999999998,-11.7734,-17.85,-7.66999999999999
16.6433,-1.88329999999999,-16.26,-0.383399999999995,11.8633,13.6366,10.53,9.31659999999999,3.5866,13.7666
21.0034,16.49,9.72330000000002,1.16330000000002,2.16330000000002,2.69330000000002,5.00660000000002,3.5,-2.57660000000001,13.42
16.48,17.0133,14.42,1.27670000000001,1.85669999999999,2.4434,3.6934,2.45669999999998,-3.27330000000001,12.7233
23.41,16.1067,10.7967,1.2534,2.0034,2.00999999999999,-5.20660000000001,-7.58330000000001,-3.44669999999999,12.2567
19.3767,16.6367,15.88,1.42670000000001,0.596699999999998,2.46340000000001,-5.85659999999999,-7.06999999999999,-3.25,12.4534
20.4733,15.6933,10.0233,0.88330000000002,1.68000000000001,3.7766,2.2533,0.746699999999976,4.88329999999999,12.77
16.3467,16.0267,13.8233,0.983300000000014,2.91000000000003,2.39330000000001,2.01330000000002,0.776600000000002,4.5966,12.4833
24.2434,17.09,10.6266,0.943299999999994,3.92669999999998,0.159999999999997,-1.19669999999999,-1.7234,-7.11669999999998,14.0066
20.0834,17.1334,17.06,3.51660000000001,1.03,4.29660000000001,1.19,-1.85660000000001,-7.60660000000001,13.5167
17.84,13.0166,10.2866,0.799999999999983,-2.2166,-1.74000000000001,0.573299999999989,4.58329999999998,-0.810000000000002,13.8734
13,13.3733,10.6067,-2.78,-2.0634,-1.53999999999999,-0.289999999999992,2.4066,-3.3434,11.34
26.36,21.7033,9.35659999999999,0.876599999999996,9.01330000000002,4.9333,-2.2833,-2.81,-5.3467,16.3933
21.05,21.3634,20.5934,8.22999999999999,4.26329999999999,8.7133,0.393300000000011,-2.6533,-9.0866,12.6534
22.9434,16.2067,10.19,0.920000000000016,3.40000000000001,5.07330000000002,3.55000000000001,7.56,5.02330000000001,16.55
18.81,16.48,15.9367,2.8467,4.3434,3.1634,2.7834,5.47999999999999,-0.953300000000013,10.5734
21.6667,13.3,9.63669999999999,0.849999999999994,0.25660000000002,-1.92339999999999,0.389999999999986,-3.91,-9.82669999999999,10.0533
16.25,14.7834,13.84,-1.94000000000003,-0.590000000000003,1.1833,-0.303300000000007,-1.95000000000002,-6.42000000000002,13.46
23.36,18.75,10.9133,1.38999999999999,5.0067,5.5367,0.6267,3.01669999999999,-2.90000000000001,12.0133
17.5933,18.5167,17.1867,3.30330000000001,4.06659999999999,4.6533,-0.226699999999994,3.51000000000002,-0.95999999999998,13.9533
18.3034,11.6434,11.5067,1.5367,-3.59999999999999,-3.5934,1.80330000000001,-2.49669999999998,-9.58999999999997,9.36000000000001
14.97,12.46,10.8133,-4.33670000000001,-3.52340000000001,-1.6567,-2.19,-3.83670000000001,-6.3434,12.6066
22.2266,18.46,12.9267,1.61670000000001,3.54340000000002,5.64000000000001,3.97329999999999,6.36329999999998,-0.730000000000018,8.01999999999998
18.1167,17.5433,17.8733,5.0367,5.48339999999999,4.96669999999997,3.44669999999999,7.18340000000001,4.67670000000001,13.4267
21.5033,10.7633,8.82660000000001,1.8433,-1.09,-4.85669999999999,-2.54330000000002,-5.58000000000001,-2.36660000000001,13.16
13.9133,14.26,12.5,-5.61000000000001,-4.60660000000001,-1.34,-2.82660000000001,-4.79000000000002,-2.95000000000002,12.5766
20.78,16.11,10.7333,1.5967,2.09999999999999,2.57659999999998,-2.33340000000001,3.12,6.33340000000001,13.95
15.9833,16.29,13.8933,0.926599999999979,1.97659999999999,2.5,-2.38,3.82339999999999,5.6634,13.28
19.8834,11.1934,7.39000000000001,1.55330000000001,1.0667,-3.01330000000002,2.38339999999999,-0.653300000000002,-2.1567,12.8767
14.4867,15.0434,13.8534,-3.4333,-2.48000000000002,1.97,1.4367,-0.526700000000005,-2.5034,12.53
21.8,16.5033,13.7833,1.5067,0.576699999999988,2.25,0.58329999999998,6.0367,4.5333,13.0033
17.1966,15.3866,14.5033,1.97329999999999,3.02330000000001,1.8433,0.323300000000017,6.52670000000001,4.55000000000001,13.02
12.48,15.9,27.6833,15.3833,0.0267000000000053,-16.6866,-17.95,-20.0166,-26.1833,-17.55
18.1633,-1.57000000000002,-16.1466,-12.7133,-0.4666,12.08,14.43,11.1267,5.2467,13.88
21.4334,16.5434,10.73,1.41329999999999,2.41329999999999,2.91999999999999,4.64329999999998,3.22,-2.94669999999999,13.5933
16.0334,16.82,14.7266,1.1533,1.73329999999999,4.47,-0.36330000000001,2.16329999999999,-3.7167,12.8233
23.5933,16.0566,12.1666,1.82659999999998,2.57659999999998,2.29329999999999,-5.58340000000001,-7.65000000000001,-3.59,14.83
18.1434,15.6367,14.3933,0.773300000000006,-0.0567000000000064,-3.30000000000001,0.946699999999993,-2.35660000000001,-9.54660000000001,8.8734
21.9334,15.71,9.92329999999998,1.60329999999999,2.39999999999998,4.50999999999999,2.28999999999999,0.866700000000009,4.92670000000001,20.1234
15.57,16.59,15.4567,0.929999999999978,2.85669999999999,6.44669999999999,3.8767,6.4033,-0.786699999999996,14.41
21.3866,16.3433,13.9567,-0.649999999999977,2.33340000000001,1.06,-0.203399999999988,-1.0367,-6.57669999999999,11.2166
18.7567,14.0833,14.1566,0.98660000000001,-1.5,-4.83000000000001,-2.47999999999999,-4.2533,-2.36329999999998,15.43
18.35,16.2333,14.4833,5.5033,2.48670000000001,-0.943299999999994,0.780000000000001,4.81,-0.72999999999999,8
15.7566,13.33,10.93,0.939999999999998,1.6566,2.16659999999999,-2.66670000000002,4.13999999999999,6.03,14.76
22.75,15.74,8.25,-5.7133,2.42340000000002,5.61000000000001,-2.26669999999999,-3.09999999999999,-5.5933,8.94
15.6133,17.8966,16.41,0.976699999999994,-2.99000000000001,-2.94999999999999,1.29670000000002,-0.476599999999991,-2.55000000000001,11.9833
24.7233,15.3867,8.93000000000001,-0.0766999999999882,2.4033,5.66,3.44,7.47,4.97669999999999,11.5634
18.1633,17.5433,17.16,0.993300000000005,2.49000000000001,2.28999999999999,-0.280000000000001,6.52670000000001,4.45329999999998,11.04
13.8367,15.9067,26.38,16.7367,16.1433,-0.569999999999993,-15.6433,-17.4667,-23.7967,-18.0433
18.0634,-0.6233,-14.69,-12.9633,-11.6133,0.933300000000003,13.3966,11.5366,7.44659999999999,13.2
23.39,15.62,8.58670000000001,-1.64000000000001,1.97669999999999,2.48339999999999,4.7167,3.20669999999998,-3.1233,10.96
15.6366,17.93,17.2567,0.866700000000009,1.63,4.36670000000001,-0.439999999999998,3.2867,-0.803300000000007,13.28
19.07,16.3566,17.58,7.80340000000001,2.66670000000002,2.38340000000002,-5.73659999999998,-7.56,-3.4367,10.9966
16.0367,12.04,11.06,1.01340000000002,1.82670000000002,-1.41659999999999,-1.98660000000001,-3.84660000000002,-6.39000000000001,8.04329999999999
23.6033,16.3433,9.69329999999999,-1.47670000000002,0.449999999999989,2.56,2.29330000000002,0.783299999999997,4.9066,14.71
18.64,18.04,19.0433,1.15660000000003,1.60330000000002,5.19330000000002,3.51000000000002,7.23670000000001,4.69330000000002,14.4967
11.33,16.0434,29.4867,20.36,17.4267,16.1533,1.07999999999998,-14.5133,-20.7433,-16.54
18.1266,-3.35339999999999,-17.9534,-12.2934,-11.29,-14.62,-2.1567,9.1867,10.88,15.0833
20.96,16.0067,11.12,1.36000000000001,1.86330000000001,-1.5667,0.666600000000017,3.2833,-2.94670000000002,7.16
15.83,16.03,14.29,0.676700000000011,1.72670000000002,2.23670000000001,-2.56999999999999,4.11330000000001,5.8066,15.9133
12.2833,16.3233,28.5033,18.5866,18.1,21.2866,13.1666,-2.42670000000001,-21.1567,-19.7767
15.5066,-1.6567,-16.1233,-12.6933,-11.74,-11.7,-12.27,-0.926600000000008,10.4667,11.8467
14.2067,15.8534,22.93,12.6733,11.7433,15,14.7333,17.35,-1.38,-18.2766
18.07,2.80670000000001,-11.3966,-13.3633,-12.3133,-12.5133,-14.1966,-7.51330000000002,3.88,-13.0166
19.08,-3.98669999999998,11.33,13.2367,14.0567,11.8,10.2167,7.4633,2.17000000000002,5.53
-3.09669999999997,12.8033,14.92,16.11,16.9833,14.6067,13.95,11.76,7.77330000000001,11.1333
20.42,14.7433,10.04,3.22669999999999,3.86330000000001,2.88,4.7867,3.91329999999999,-1.38,9.82670000000002
13.64,14.6234,12.5534,1.80000000000001,1.99000000000001,1.68340000000001,3.49340000000001,2.6867,-1.30000000000001,9.9067
24.5667,15.3367,11.4167,2.64340000000001,3.36000000000001,3.20340000000002,-3.2766,-6.03,-3.25999999999999,9.26330000000002
17.1333,14.9367,14.61,1.85669999999999,1.94329999999999,1.7167,-3.1833,-5.3733,-2.6833,9.84
20.1033,13.8366,8.72,1.4367,2.20000000000002,3.1867,2.91669999999999,2.04329999999999,4.8133,9.92000000000002
12.3067,13.9367,11.6367,0.88669999999999,1.02670000000001,2.17670000000001,1.55000000000001,0.743300000000005,3.4333,8.54000000000002
23.7766,14.4333,10.1366,3.11000000000001,1.8133,-0.129999999999995,-1.7133,-1.13329999999999,-6.75,8.33670000000001
16.0966,14.1166,12.8133,2.2867,0.936700000000002,-0.439999999999998,-1.0967,-1.13,-5.15000000000001,9.9367
20.3233,13.7967,9.3133,-0.953399999999988,2.04660000000001,-0.383399999999995,1.52330000000001,4.22,-1.39670000000001,8.34
12.3834,13.81,11.94,-1.88339999999999,0.840000000000003,-1.1567,0.653300000000002,3.18000000000001,-0.840000000000003,8.89670000000001
20.3267,14.28,8.43000000000001,7.3733,2.48000000000002,4.13,-2.35000000000002,-1.77000000000001,-3.51339999999999,8.95330000000001
12.5266,14.2166,11.2166,6,1.25659999999999,3.2433,-1.6567,-1.69,-3.40000000000001,9.0667
23.4667,14.7,8.92000000000002,1.1567,1.42330000000001,3.45670000000001,3.1867,5.88339999999999,4.14000000000001,9.03330000000003
16.4167,14.3334,12.4967,1.55329999999998,1.19329999999999,3.26669999999999,2.63999999999999,5.16669999999999,3.45669999999998,8.34999999999999
23.3566,15.4966,10.9733,-0.00999999999999091,1.97999999999999,-0.276700000000005,-2.02670000000001,-3.23339999999999,-8.02339999999998,8.45660000000001
17.6834,13.8634,15.01,0.150000000000006,2.17659999999998,-0.200000000000017,-2.0966,-3.28,-7.22,9.25999999999999
20.1934,14.2167,9.32669999999999,4.33670000000001,2.59,1.60669999999999,2.97,2.25,-2.53999999999999,8.41
13.8367,14.7133,13.4033,3.32329999999999,2.38,2.07339999999999,2.3434,1.7234,-2.2166,8.73339999999999
24.45,15.3834,10.27,-3.44,1.82999999999998,1.67339999999999,-4.1566,-5.36329999999998,-3.02669999999998,8.38670000000002
18.6133,14.9166,15.3366,-2.27000000000001,2.03659999999999,1.81,-3.87,-5.05340000000001,-2.78,8.63339999999999
20.1667,12.3667,7.84,2.6233,0.456700000000012,1.4434,2.13999999999999,1.41999999999999,3.75659999999999,8.69659999999999
11.4266,13.88,11.7966,2.6233,0.296599999999984,1.44659999999999,1.7166,1.0966,3.37,8.31
23.6933,17.6733,13.6666,-0.226699999999994,4.49000000000001,2.54670000000002,0.796700000000016,-1.2833,-6.13999999999999,8.5333
18.7966,13.41,16.8433,-0.41670000000002,3.58329999999998,2.20659999999998,0.310000000000002,-1.26999999999998,-4.94659999999999,9.72669999999999
20.5267,14.2834,8.4434,1.13339999999999,1.71000000000001,-0.719999999999999,0.643300000000011,2.08670000000001,-2.76999999999998,8.54660000000001
12.7466,14.0866,11.8333,1.06999999999999,1.12,-0.8767,-0.606699999999989,1.0966,-2.58000000000001,8.73659999999998
23.4566,18.1733,13.1266,0.310000000000002,4.58000000000001,6.22999999999999,0.400000000000006,-1.68000000000001,-6.29339999999999,8.04659999999998
16.0933,13.6933,16.1633,0.226699999999994,3.51999999999998,5.5067,-0.173300000000012,-1.7533,-5.86329999999998,8.47669999999999
20.29,11.5867,7.42330000000001,0.0632999999999981,-0.923399999999987,1.11000000000001,1.8066,3.25,-1.36339999999998,7.97329999999999
13.6966,13.3666,11.4266,0.916600000000017,-0.736699999999985,1.33670000000001,1.60670000000002,3.31,-0.799999999999983,8.5367
23.4266,11.8066,7.20660000000001,-1,-0.180000000000007,-1.44669999999999,0.0900000000000034,-3.13,-7.84,8.4033
13.83,13.8867,10.8834,-1.14000000000001,-0.266700000000014,-1.35329999999999,0.1267,-2.4933,-6.5367,9.70660000000001
20.81,14.61,8.20669999999998,0.823399999999992,1.46000000000001,3.99000000000001,0.606600000000014,2.1233,-2.58670000000001,9.03999999999999
13.8867,14.7067,12.5034,1.04339999999999,1.23339999999999,3.20669999999998,-0.189999999999998,1.77339999999998,-2.27000000000001,9.35669999999999
23.6733,13.8933,8.61669999999998,0.439999999999998,1.1566,-2.88,1.45329999999998,-1.76670000000001,-7.32339999999999,8.44
15.2167,14.21,12.5367,0.343400000000003,0.430000000000007,-2.41,0.960000000000008,-1.66,-6.85339999999999,8.91
20.2133,15.3333,9.69669999999999,1.7534,2.51670000000001,4.3733,2.63669999999999,4.15339999999998,-1.4033,8.54670000000002
13.9367,13.65,13.2333,1.64660000000001,1.78660000000002,3.91330000000002,2.2166,4.17999999999998,-1.01340000000002,8.9366
24.6034,10.71,8.52670000000001,-0.446699999999993,-1.74340000000001,-3.4667,-1.93000000000001,-4.5633,-2.4033,8.4967
14.3567,14.5433,13.3333,-0.296700000000016,-1.64670000000001,-3.14340000000001,-1.66340000000002,-3.55000000000001,-1.97670000000002,8.92329999999998
20.6967,14.31,5.56339999999997,-1.4933,1.5067,1.70339999999999,-1.68000000000001,2.50659999999999,4.66659999999999,9.50999999999999
13.1067,14.1967,9.42329999999998,-1.43340000000001,1.28999999999999,1.79669999999999,-1.59999999999999,2.48000000000002,4.05330000000001,8.89670000000001
20.4967,9.51669999999999,10.2,2.45999999999998,-2.4333,-2.9333,1.39999999999998,-1.23330000000001,-2.1533,8.76329999999999
12.0134,13.7767,13.7834,2.47,-2.27340000000001,-2.53,0.840000000000003,-1.04659999999998,-1.91329999999999,9.0033
23.4634,14.9367,11.1334,2.57669999999999,2.8433,2.36330000000001,0.6267,4.8133,3.89330000000001,8.95000000000002
14.6034,13.77,15.0834,2.69,2.33000000000001,2.63000000000002,0.933300000000003,5.01330000000002,4.14660000000001,9.20330000000001
23.6333,14.79,8.54330000000002,0.0167000000000144,2.0067,0.740000000000009,-1.4734,-1.79339999999999,-6.19999999999999,8.31659999999999
17.0367,13.8867,12.2667,-0.516599999999983,1.50999999999999,0.423400000000015,-1.2533,-1.79659999999998,-5.03659999999999,9.47999999999999
20.2634,13.65,11.1767,2.91999999999999,1.17329999999998,3.70329999999998,0.653300000000002,3.18000000000001,-1.22659999999999,8.3134
13.1433,13.72,14.0966,1.91660000000002,0.973300000000023,2.94660000000002,-0.133399999999995,2.32660000000001,-0.913399999999996,8.6266
20.85,14.4634,3.92000000000002,-3.96339999999998,1.3066,-2.72999999999999,-2.13660000000002,-2.45660000000001,-4.07329999999999,8.5367
13.97,14.0767,8.9367,-3.14660000000001,1.16,-1.68000000000001,-1.74340000000001,-2.2867,-3.91669999999999,8.69329999999999
24.6967,14.4833,13.0433,3.73329999999999,1.5667,3.42329999999998,2.96329999999998,5.48999999999998,3.8733,8.70660000000001
17.5,14.53,17.6334,3.2567,0.929999999999978,3.05669999999998,2.75999999999999,5.22,3.59,8.42330000000001
23.56,14.9933,5.4066,-2.67000000000002,2.04669999999999,0.323399999999992,-1.89000000000001,-5.26339999999999,-3.23670000000001,8
17.0534,14.36,9.60339999999999,-2.44999999999999,1.55000000000001,0.0533000000000072,-1.6234,-3.90000000000001,-2.51339999999999,8.72330000000002
20.4866,13.81,8.35999999999999,0.796699999999987,1.3733,1.56999999999999,-1.47999999999999,2.90000000000001,4.92669999999998,9.36339999999998
13.0267,13.6134,12.2167,1.01999999999998,1.06999999999999,1.57669999999999,-1.50330000000002,2.43669999999997,3.82329999999999,8.25999999999999
20.0567,13.9633,5.4033,-2.1534,2.11660000000001,1.61660000000001,2.20999999999998,-1.1634,-2.82669999999999,8.26660000000001
13.89,13.6767,10.1467,-1.7567,1.53659999999999,1.28,1.2166,-1.06,-2.39330000000001,8.69999999999999
23.66,14.6133,11.95,2.93339999999998,1.94669999999999,1.4667,1.0067,5.38669999999999,3.7234,8.37
17.2667,13.8267,15.6467,2.66,1.0067,1.30670000000001,1.01000000000002,4.95000000000002,3.61670000000001,8.26330000000002
19.4566,-13.73,-2.1534,-0.246700000000004,9.9333,11.4433,9.02330000000001,7.55000000000001,0.879999999999995,9.12
-17.0167,12.5367,-1.84,-0.650000000000006,12.9467,14.6967,11.8433,11.45,5.40669999999997,13.6467
21.3933,15.4033,8.63660000000002,1.82330000000002,2.03,2.16669999999999,4.06,2.5933,-4.07670000000002,13.02
14.3734,14.9567,12.3634,1.61000000000001,1.94,2.5333,2.88,1.77000000000004,-4.27330000000001,12.8234
25.4033,15.6566,10.3466,1.57329999999999,0.559999999999974,2.05669999999998,-6.26330000000002,-7.73660000000001,-4.08330000000001,11.94
17.9233,15.02,14.2633,1.50999999999999,-0.129999999999995,2.44329999999997,-6.57670000000002,-6.96999999999997,-3.5566,12.4667
21.13,14.8367,9.16669999999999,1.88339999999999,3.17670000000001,2.30670000000001,3.11670000000001,1.65000000000001,5.30330000000001,12.7066
13.27,14.3134,12.11,1.35999999999996,2.62329999999997,2.33659999999998,2.40999999999997,1.30000000000001,4.71339999999998,12.1167
24.33,16.91,10.4466,3.41999999999999,0.203399999999988,3.40000000000001,0.980000000000018,-1.8366,-8.39660000000001,12.3734
18.8867,13.9867,13.9133,3.38670000000002,1.45670000000001,3.59000000000003,0.73660000000001,-0.803400000000011,-6.75670000000002,14.0133
21.2833,11.1067,8.3767,-1.88999999999999,-1.70330000000001,-1.2533,0.640000000000015,2.73330000000001,-3.82669999999999,13.4066
9.72669999999999,14.4133,11.6467,-2.17669999999998,-1.67669999999998,-1.26339999999999,-0.916699999999992,1.57330000000002,-4.38,12.8533
24.1833,22.2167,9.87,8.8133,4.25,8.82660000000001,0.50660000000002,-2.31,-8.73660000000001,12.13
20.0866,14.0566,13.2866,8.06999999999999,3.82339999999999,8.19,-0.829999999999984,-2.37,-8.41000000000003,12.4566
20.8266,15.6733,9.6566,1.89329999999998,3.63669999999999,1.96000000000001,2.77000000000001,4.86330000000001,-1.5633,12.07
17.34,13.35,12.8067,1.86330000000004,3.78000000000003,2.19659999999999,2.26999999999998,4.75999999999999,-1.28000000000003,12.3533
24.2567,13.51,9.8467,-1.13659999999999,-0.449999999999989,1.06,-0.706600000000009,-1.82330000000002,-7.02330000000001,12.1334
15.88,14.4334,13.49,-1.37,-0.566700000000026,1.18329999999997,0.35329999999999,-1.62669999999997,-5.60000000000002,13.5567
20.8367,17.16,9.32329999999999,4.33330000000001,4.44,4.57669999999999,0.326699999999988,3.74000000000001,-1.45999999999998,12.33
16.1134,14.1067,12.7767,2.69670000000002,3.07330000000002,3.66660000000002,-0.736699999999985,2.45330000000001,-1.52000000000004,12.27
21.16,9.10330000000002,8.9666,-4.74339999999998,-4.51999999999998,-3.02329999999998,-2.57329999999999,-3.69,-5.99000000000001,13.1933
12.92,14.43,12.7833,-4.82329999999996,-4.36329999999998,-1.79000000000002,-2.62330000000003,-4.60329999999999,-6.69,12.4933
25.25,16.33,10.7967,5.57999999999998,5.66,4.78999999999999,3.57669999999999,6.99000000000001,4.69,12.28
16.8933,14.59,14.92,5.74670000000003,6.13339999999999,5.8467,3.56670000000003,6.75670000000002,4.67000000000002,12.26
24.53,11.4367,9.5,-4.39330000000001,-3.77000000000001,-0.573399999999992,-2.34,-5.9066,-3.50660000000002,12.2567
13.8,14.6034,12.8434,-4.41660000000002,-3.65660000000003,-1.52330000000001,-2.35329999999999,-4.59999999999997,-3.11669999999998,12.6466
21.29,14.25,8.8733,1.5633,1.6266,2.07660000000001,-2.17339999999999,3.95330000000001,6.35329999999999,13.5633
13.3333,14.35,11.9533,1.19,1.5034,1.91669999999999,-2.48660000000001,4.63339999999999,6.11669999999998,13.3267
20.9333,12.97,9.16660000000002,-3.65000000000001,-3.14330000000001,1.4333,1.88329999999999,-1.6833,-3.34,12.2434
12.1467,13.51,12.32,-3.61660000000001,-2.4966,1.87,1.0367,-1.20999999999998,-3.25,12.3334
24.1566,12.8633,10.1433,2.7833,3.60329999999996,1.92659999999998,0.713299999999975,6.83999999999997,5.18329999999997,12.7167
16.07,13.7767,12.8934,2.38340000000005,3.48340000000002,1.89999999999998,-0.379999999999995,6.74000000000001,4.69999999999999,12.2334
19.51,-14.2567,-2.4734,-10.68,-0.5,10.5534,12.69,9.37,2.95000000000002,8.7167
-17.5767,12.3066,-2.26999999999998,-14.2934,-0.696699999999993,13.9767,15.88,13.61,7.66669999999999,13.4334
21.79,14.7934,8.97999999999999,1.5967,1.80339999999998,4.67669999999998,0.346699999999998,2.65339999999998,-3.76660000000001,12.9567
14.4433,14.63,12.5366,1.07660000000004,1.40660000000003,3.62,-0.906700000000001,1.51999999999998,-4.42330000000004,12.3
24.68,13.58,9.69,1.51330000000002,0.5,-4.25999999999999,0.976699999999994,-2.3433,-9.39329999999998,11.9067
15.6833,14.39,13.1466,0.953299999999956,-0.68670000000003,-3.88999999999999,-0.0167000000000144,-2.2867,-9.12,12.18
21.3167,15.19,9.40329999999997,1.45999999999998,2.7533,6.0033,3.1266,5.43329999999997,-1.61670000000001,11.9633
14.22,13.59,12.4567,0.870000000000005,2.13330000000002,6.72330000000005,2.91330000000005,5.34000000000003,-1.49329999999998,12.0867
25.5933,12.9933,10.6067,1.63329999999999,-1.58330000000001,-4.41329999999999,-2.27670000000001,-5.4434,-2.92670000000001,12.14
16.98,14.7,14.7733,1.14330000000001,-0.786699999999996,-4.2133,-2.31,-4.25669999999997,-2.69,12.3767
21.5233,10.35,8.59999999999999,1.54330000000002,1.72999999999999,2.19999999999999,-2.13,3.97999999999999,6.49669999999998,13.3267
9.94000000000003,14.19,11.79,0.933300000000031,1.43330000000003,2.10329999999999,-2.42340000000002,4.62330000000003,6.19,13.02
21.3333,16.6766,9.1866,1.44659999999999,-3.11670000000001,-3.63669999999999,1.59999999999999,-1.5667,-2.78,12.1067
15.63,13.8933,12.4067,1.0933,-3.1533,-3.4966,0.376699999999971,-1.56999999999999,-2.80340000000001,12.0833
24.6766,16.63,10.1733,1.61660000000001,3.36000000000001,2.85000000000002,-0.0266999999999769,6.08330000000001,4.87,12.1034
18.9267,13.77,13.3867,0.993299999999977,2.90999999999997,2.7167,-1.0933,5.95340000000004,4.72000000000003,11.9534
19.7466,-12.7167,-2.24340000000001,-10.77,-10.0834,0.969999999999999,11.6067,10.37,5.2534,8.52000000000001
-15.8667,12.2533,-1.8134,-14.5967,-13.7934,0.879999999999995,15.79,13.62,9.77000000000001,13.0366
21.33,16.8733,9.84,1.58330000000001,1.69,4.5633,0.273300000000006,3.60329999999999,-1.51330000000002,11.77
15.4,13.4333,12.76,0.579999999999984,0.95659999999998,3.16999999999996,-0.879999999999995,2.24669999999998,-1.60329999999999,11.68
21.52,8.26999999999998,9.49339999999998,1.60999999999999,1.83339999999998,-2.92660000000001,-2.64000000000001,-3.8767,-6.07999999999998,12.7033
11.8,13.97,12.99,0.906700000000001,1.36669999999998,-1.83659999999998,-2.48329999999999,-4.6533,-6.89999999999998,11.8833
25.8433,17.66,11.01,1.70000000000002,1.78000000000003,5.03000000000003,3.73330000000001,7.0633,4.86000000000001,11.9267
17.9467,14.0467,15.05,0.67330000000004,1.06,5.65000000000003,3.69,6.81669999999997,4.56999999999999,11.6367
19.0666,-16.3567,-2.9134,-10.99,-10.3667,-13.1967,-2.56,6.4734,8.8467,8.43000000000001
-19.04,12.1567,-2.44329999999999,-14.4967,-13.7367,-17.1633,-2.2533,10.9034,12.06,11.6433
21.31,13.97,9.08330000000001,1.52000000000001,1.58330000000001,2.05330000000001,-2.23669999999998,4.07000000000002,6.44330000000002,12.86
12.7533,13.3733,11.6333,0.436599999999999,0.75,1.41999999999996,-2.63,4.72670000000005,5.88330000000002,12.3
17.0233,-15.08,-2.90000000000001,-10.4567,-9.95000000000002,-10.47,-10.1834,-1.15000000000001,9.17000000000002,8.73670000000001
-14.7266,15.1,0.633399999999995,-11.27,-10.15,-10.4933,-11.14,2.01669999999999,11.6833,11.25
20.1866,-8.90000000000001,-1.82339999999999,-10.84,-10.02,-10.53,-11.8267,-5.52000000000001,4.80000000000001,11.9034
-12.1434,12.4466,-1.7567,-14.7434,-13.6434,-13.8367,-15.7967,-8.43999999999997,1.22660000000002,8.33000000000001
